Date,Article
2021-10-15,"Start A Business, Get An MSc - The University That Wants To Be An Incubator"
2021-10-15,"Empire BlueCross CEO, president: Innovation starts with consumer demand"
2021-10-15,Report: 76% of manufacturers plan to adopt private 5G by 2024
2021-10-15,"AI Weekly: AI model training costs on the rise, highlighting need for new solutions"
2021-10-15,Growing the U.S. AI Workforce
2021-10-15,MIL-OSI Russia: Military attachés at the Finnish Embassy visited the Avangard Center
2021-10-15,What Legends of Tomorrow's Gideon Twist Means For The 100th Episode
2021-10-15,"Consumer Alert: Lowey Dannenberg, P.C., Investigates Claims Against Insurance Company, Lemonade, Inc. (LMND)"
2021-10-15,"No, CNN, Wildfires Will Not Be Destroying Times Square, New York City"
2021-10-15,"Webinar on Healthcare Innovations for Sustainable Future by Kalkine Media on October 21, 2021"
2021-10-14,'6 Predictions for the Future of Performance Management'
2021-10-10,  'When it Comes to Ransomware  Should Your Company Pay?'
2021-10-08,  'How to Reduce Outside Counsel Spend — in Just Two Steps'
2021-10-05,  'Your Primer on AI for Sales'
2021-11-30,  'Rethink IT Roles and Organisation Structure for Digital Work'
2021-11-22,  'Build a Future-Ready Workforce for Digital Business Acceleration'
2021-11-19,  'Sales Tech Mayhem: The 6 Core Elements of the Ultimate Stack'
2021-11-19,  'Panel Discussion: Optimize Your Marketing Machine'
2021-10-14,  '6 Predictions for the Future of Performance Management'
