Contributor,Title,Date,Link
"posted by Maggie Johnson, Director of Education and University Relations",2,2,2
"by Ariel Fuxman, Research Scientist",1,1,1
"Yifeng Jiang, Research Intern and Jie Tan, Research Scientist, Robotics at Google",1,1,1
"Vincent Vanhoucke, Principal Scientist, Google Brain Team",1,1,1
"Valentin Bazarevsky and Andrei Tkachenka, Software Engineers, Google Research",1,1,1
"Sella Nevo, Senior Software Engineer, Google Research, Tel Aviv",1,1,1
Posted by Tomáš Ižo (Software Engineer) and Jay Yagnik (Head of Computer Vision Research),1,1,1
Posted by ,3,3,3
"Posted by Łukasz Kaiser, Senior Research Scientist, Google Brain Team and Aidan N. Gomez, Researcher, Department of Computer Science Machine Learning Group, University of Toronto",1,1,1
"Posted by Łukasz Kaiser, Senior Research Scientist, Google Brain Team",1,1,1
"Posted by Łukasz Kaiser and Dumitru Erhan, Research Scientists, Google AI",1,1,1
"Posted by Úlfar Erlingsson, Tech Lead Manager, Security Research",1,1,1
"Posted by Úlfar Erlingsson, Manager, Security Research",1,1,1
"Posted by Ziv Bar-Yossef and Kevin McCurley, Research Team",1,1,1
"Posted by Zirui Wang, Student Researcher and Yuan Cao, Research Scientist, Google Research, Brain Team",1,1,1
"Posted by Zhilin Yang and Quoc Le, Google AI",1,1,1
"Posted by Zarana Parekh, Software Engineer and Jason Baldridge, Staff Research Scientist, Google Research",1,1,1
"Posted by Zak Stone, Product Manager for TensorFlow, on behalf of the TensorFlow team",1,1,1
"Posted by Zak Stone, Product Manager for TensorFlow",1,1,1
"Posted by Zaid Nabulsi, Software Engineer and Po-Hsuan Cameron Chen, Software Engineer, Google Health",1,1,1
"Posted by Zachary Nado, Research Engineer and Dustin Tran, Research Scientist, Google Research, Brain Team",1,1,1
"Posted by Yuxuan Wang, Research Scientist and RJ Skerry-Ryan, Software Engineer, on behalf of the Machine Perception, Google Brain and TTS Research teams",1,1,1
"Posted by Yuxiang Yang and Deepali Jain, AI Residents, Robotics at Google",1,1,1
"Posted by Yushi Jing and Henry Rowley, Google Research",1,1,1
Posted by Yun-Ta Tsai,1,1,1
"Posted by Yun Liu, Research Scientist and Po-Hsuan Cameron Chen, Research Engineer, Google Health",1,1,1
"Posted by Yujin Tang, Research Software Engineer and David Ha, Staff Research Scientist, Google Research, Tokyo",1,1,1
"Posted by Yuan Zhang, Research Scientist and Yinfei Yang, Software Engineer, Google Research",1,1,1
"Posted by Yuan Liu, PhD, Software Engineer and Peggy Bui, MD, Technical Program Manager, Google Health",1,1,1
"Posted by Yossi Matias, Vice President and Ehud Rivlin, Research Scientist, Google Research",1,1,1
"Posted by Yossi Matias, Senior Director, Head of Israel R&D Center",1,1,1
"Posted by Yossi Matias, Niv Efron, and Yair Shimshoni, Google Labs, Israel.",1,1,1
"Posted by Yonglong Tian, Student Researcher and Chen Sun, Staff Research Scientist, Google Research",1,1,1
"Posted by Yonghui Wu, Principal Engineer, Google Brain Team",1,1,1
"Posted by Yong Cheng, Software Engineer, Google Research",1,1,1
"Posted by Yoav Goldberg, Professor at Bar Ilan University & Post-doc at Google 2011-2013",1,1,1
"Posted by Yinfei Yang, Software Engineer and Chris Tar, Engineering Manager, Google AI",1,1,1
"Posted by Yinfei Yang and Fangxiaoyu Feng, Software Engineers, Google Research",1,1,1
"Posted by Yinfei Yang and Amin Ahmad, Software Engineers, Google Research",1,1,1
"Posted by Yifeng Lu, Software Engineer, Google AI",1,1,1
"Posted by Yiding Jiang, Google AI Resident",1,1,1
"Posted by Yen-Chen Lin, Research Intern and Andy Zeng, Research Scientist, Robotics at Google",1,1,1
"Posted by Ye Jia, Software Engineer and Julie Cattiau, Product Manager, Google Research",1,1,1
"Posted by Ye Jia and Ron Weiss, Software Engineers, Google AI",1,1,1
"Posted by Ye Jia and Michelle Tadmor Ramanovich, Software Engineers, Google Research",1,1,1
"Posted by Yanping Huang, Software Engineer, Google AI",1,1,1
"Posted by Yaniv Leviathan, Principal Engineer and Yossi Matias, Vice President, Engineering, Google",1,1,1
"Posted by Yang Song, Staff Software Engineer and Serge Belongie, Visiting Faculty, Google Research",1,1,1
"Posted by Yang Li, Research Scientist, Google Research",2,2,2
"Posted by Yang Li, Research Scientist, Google AI",1,1,1
"Posted by Yang Li, Research Scientist",2,2,2
"Posted by Xue Bin (Jason) Peng, Student Researcher and Sehoon Ha, Research Scientist, Robotics at Google",1,1,1
"Posted by Xuanhui Wang and Michael Bendersky, Software Engineers, Google AI",1,1,1
"Posted by Xuan Yang, Software Engineer, Google Research",1,1,1
"Posted by Xingyou (Richard) Song, Software Engineer and Yuxiang Yang, AI Resident, Robotics at Google",1,1,1
"Posted by Xiaojun Bi, Ciprian Chelba, Tom Ouyang, Kurt Partridge and Shumin Zhai",1,1,1
"Posted by Xiaofang Wang, Intern and Yair Alon (prev. Movshovitz-Attias), Software Engineer, Google Research",1,1,1
"Posted by Xianzhi Du, Software Engineer and Jaeyoun Kim, Technical Program Manager, Google Research",1,1,1
"Posted by Weilong Yang and Min-hsuan Tsai, Video Content Analysis team and the YouTube Creator team",1,1,1
"Posted by Warren Shen, Fusion Tables team",1,1,1
"Posted by Walter Jetz, Dept. of Ecology and Evolutionary Biology, Yale University, and Dave Thau, Developer Advocate, Google Earth Engine, with support from Robert Guralnick, Dept. of Natural History, University of Florida",1,1,1
"Posted by Vivek Kwatra, Research Scientist and Christian Frueh, Avneesh Sud, Software Engineers",1,1,1
"Posted by Vittorio Ferrari, Research Scientist, Machine Perception",3,3,3
"Posted by Viren Jain, Research Scientist and Technical Lead and Michal Januszewski, Software Engineer, Connectomics at Google",1,1,1
"Posted by Vinton Cerf, Chief Internet Evangelist",1,1,1
"Posted by Vint Cerf, VP & Chief Internet Evangelist",1,1,1
"Posted by Vincent Vanhoucke, Research Scientist, Speech Team",1,1,1
"Posted by Vincent Vanhoucke, Principal Scientist, Google Brain Team and Melanie Saldaña, Program Manager, University Relations",1,1,1
"Posted by Vincent Vanhoucke, Principal Research Scientist",1,1,1
"Posted by Vincent Vanhoucke, Google Research Scientist",1,1,1
"Posted by Vincent Vanhoucke, Google Research",1,1,1
Posted by Vincent Dumoulin,1,1,1
"Posted by Vighnesh Birodkar, Research Software Engineer and Jonathan Huang, Research Scientist, Google Research",1,1,1
"Posted by Valentin Spitkovsky and Peter Norvig, Research Team",1,1,1
"Posted by Valentin Bazarevsky and Ivan Grishchenko, Research Engineers, Google Research",1,1,1
"Posted by Valentin Bazarevsky and Fan Zhang, Research Engineers, Google Research",1,1,1
"Posted by Vahab Mirrokni, Research Scientist, Google Research New York",1,1,1
"Posted by Vahab Mirrokni, Principal Scientist, Morteza Zadimoghaddam, Research Scientist, NYC Algorithms Team",1,1,1
"Posted by Vahab Mirrokni, Principal Research Scientist and Xerxes Dotiwalla, Product Manager, NYC Algorithms and Optimization Team",1,1,1
"Posted by Utku Evci and Pablo Samuel Castro, Research Engineers, Google Research, Montreal",1,1,1
"Posted by Umar Syed and Sergei Vassilvitskii, Research Scientists, Google AI, NYC",1,1,1
"Posted by Ullas Gargi and Rich Gossweiler, Research Team",1,1,1
"Posted by Tuomas Haarnoja, Student Researcher and Sergey Levine, Faculty Advisor, Robotics at Google",1,1,1
"Posted by Tulsee Doshi, Product Manager, Google AI",1,1,1
"Posted by Tony Mak, Software Engineer, Google Research and Simon Tong, Principal Engineer, Google Research, Brain Team",1,1,1
"Posted by Tom Kwiatkowski and Michael Collins, Research Scientists, Google AI Language",1,1,1
"Posted by Tom Kenter, Google Research, London",1,1,1
"Posted by Tom Dean, Google Research",1,1,1
"Posted by Tom B. Brown and Catherine Olsson, Research Engineers, Google Brain Team",1,1,1
"Posted by Tingbo Hou and Tyler Mullen, Software Engineers, Google Research",1,1,1
"Posted by Ting Chen, Research Scientist and Geoffrey Hinton, VP & Engineering Fellow, Google Research",1,1,1
"Posted by Tina Ornduff, Program Manager",1,1,1
"Posted by Timo Kohlberger and Yuan Liu, Software Engineers, Google Health",1,1,1
"Posted by Tim Blakely, Software Engineer and Michał Januszewski, Research Scientist, Connectomics at Google",1,1,1
"Posted by Tilman Reinhardt‎, Software Engineer, Google Maps",1,1,1
"Posted by Thomas Müller, Software Engineer, Google Research",1,1,1
"Posted by Thomas Fischbacher, Software Engineer, Google Research, Zürich",1,1,1
"Posted by Thomas Deselaers, Senior Staff Software Engineer and Jake Walker, Product Manager, Machine Perception",1,1,1
"Posted by Thomas Deselaers, Daniel Keysers, Henry Rowley, Li-Lun Wang, Victor Cărbune, Ashok Popat, Dhyanesh Narayanan, Handwriting Team, Google Research",1,1,1
"Posted by Thibault Sellam, Software Engineer and Ankur P. Parikh, Research Scientist, Google Research",1,1,1
Posted by The Flu Trends Team,1,1,1
"Posted by Thao Nguyen, AI Resident, Google Research",1,1,1
"Posted by Thang Luong, Staff Research Scientist, Google Research and Jingcao Hu, Senior Staff Software Engineer, Google Search",1,1,1
"Posted by Thang Luong, Research Scientist, and Eugene Brevdo, Staff Software Engineer, Google Brain Team",1,1,1
"Posted by Thad Hughes, Martin Jansche, and Pedro Moreno, Google Research",1,1,1
"Posted by Terry Ednacot, Education Program Manager",2,2,2
"Posted by Ted Baltz, Senior Staff Software Engineer, Google Research, Accelerated Science Team",1,1,1
"Posted by Ted Baltz, Senior Staff Software Engineer, Google Research",1,1,1
"Posted by Ted Baltz, Senior Staff Software Engineer, Google Accelerated Science Team",1,1,1
"Posted by Tara N. Sainath, Research Scientist, Speech Team and Yonghui Wu, Software Engineer, Google Brain Team",1,1,1
"Posted by Tali Dekel, Research Scientist and Forrester Cole, Software Engineer, Machine Perception",1,1,1
"Posted by Tali Dekel and Michael Rubinstein, Research Scientists",1,1,1
"Posted by T.V Raman, Research Scientist",1,1,1
"Posted by Suyog Gupta and Mingxing Tan, Software Engineers, Google Research",1,1,1
"Posted by Suyog Gupta and Marie White, Software Engineers, Google Research",1,1,1
"Posted by Susie Kim, Program Manager, University Relations",5,5,5
"Posted by Sumit Agarwal, Maryam Kamvar, & Michael Stoppelman",1,1,1
"Posted by Sujith Ravi, Staff Research Scientist, Google Research",2,2,2
"Posted by Sujith Ravi, Senior Staff Research Scientist, Google Expander Team",1,1,1
"Posted by Sujith Ravi, Research Scientist, Google Expander Team",1,1,1
"Posted by Sudheendra Vijayanarasimhan and Paul Natsev, Software Engineers",1,1,1
"Posted by Sudheendra Vijayanarasimhan and David Ross, Software Engineers",1,1,1
"Posted by Subhrajit Roy, Research Scientist and Diana Mincu, Research Software Engineer, Google Research",1,1,1
"Posted by Steven Hickson, Software Engineering Intern, and Nick Dufour, Avneesh Sud, Software Engineers, Machine Perception",1,1,1
"Posted by Steven Butschi, Head of Higher Education, Google",1,1,1
"Posted by Steve Vranakis and Jayme Goldstein, Executive Creative Director and Project Lead, Google Creative Lab",1,1,1
"Posted by Stephan Gouws, Research Scientist, Google Brain Team and Mostafa Dehghani, University of Amsterdam PhD student and Google Research Intern",1,1,1
"Posted by Sourish Chaudhuri, Software Engineer, Sound Understanding",1,1,1
Posted by Software Engineers George Toderici and Sudheendra Vijayanarasimhan,1,1,1
"Posted by Slaven Bilac, Software Engineer, Google Research",1,1,1
"Posted by Slav Petrov, Senior Staff Research Scientist",1,1,1
"Posted by Slav Petrov, Research Scientist",3,3,3
"Posted by Slav Petrov, Principal Scientist, Google",1,1,1
"Posted by Slav Petrov, Doug Aberdeen, and Lisa McCracken, Google Research",1,1,1
"Posted by Slav Petrov and Ryan McDonald, Research Team",1,1,1
"Posted by Slav Petrov and Dipanjan Das, Research Scientists",1,1,1
"Posted by Siyuan Qiao, Student Researcher and Liang-Chieh Chen, Research Scientist, Google Research",1,1,1
"Posted by Simon Tong, Google Research",1,1,1
"Posted by Silvio Lattanzi, Research Scientist, Google Zürich and Vahab Mirrokni, Research Scientist, Google New York",1,1,1
"Posted by Sian Gooding, Intern, Google Research",1,1,1
"Posted by Siamak Shakeri, Staff Software Engineer and Oshin Agarwal, Research Intern, Google Research",1,1,1
"Posted by Shumeet Baluja, Michele Covell, Pedro Moreno & Eugene Weinstein",1,1,1
Posted by Shumeet Baluja and Yushi Jing,1,1,1
"Posted by Shreeyak Sajjan, Research Engineer, Synthesis AI and Andy Zeng, Research Scientist, Robotics at Google",1,1,1
"Posted by Shekoofeh Azizi, AI Resident, Google Research",1,1,1
"Posted by Shaun Lysen, Statistician at Google",1,1,1
"Posted by Shankar Kumar, Google Research Scientist and Manaal Faruqui, Carnegie Mellon University PhD candidate",1,1,1
Posted by Shankar Kumar and Wolfgang Macherey,1,1,1
"Posted by Shan Yang, Software Engineer and Angjoo Kanazawa, Research Scientist, Google Research",1,1,1
"Posted by Shan Carter, Software Engineer, Google AI",1,1,1
"Posted by Shan Carter, Software Engineer and Chris Olah, Research Scientist, Google Brain Team",1,1,1
"Posted by Shakir Mohamed and Charles Blundell, Google DeepMind, London",1,1,1
"Posted by Sergio Boixo, Research Scientist and Theory Team Lead, and Charles Neill, Quantum Electronics Engineer, Quantum A.I. Lab",1,1,1
"Posted by Sergey Levine, Research Scientist",1,1,1
"Posted by Sergey Levine, Faculty Advisor and Pierre Sermanet, Research Scientist, Google Brain Team",1,1,1
"Posted by Sergey Levine (Google Brain Team), Timothy Lillicrap (DeepMind), Mrinal Kalakrishnan (X)",1,1,1
"Posted by Serge Belongie, Visiting Faculty and Hartwig Adam, Engineering Director, Google Research",1,1,1
"Posted by Sella Nevo, Senior Software Engineer, Google Research, Tel Aviv",1,1,1
"Posted by Sella Nevo, Senior Software Engineer and Rainier Aliment, Program Manager",1,1,1
"Posted by Sean Lip, Software Engineer, Open Online Education",1,1,1
"Posted by Sara Beery, Student Researcher and Jonathan Huang, Research Scientist, Google Research",1,1,1
"Posted by Sanketh Shetty, YouTube Slam Team, Google Research ",1,1,1
"Posted by Sanjiv Kumar, Research Scientist",1,1,1
"Posted by Sanjiv Kumar and Henry Rowley, Google Research",1,1,1
"Posted by Sandro Feuz and Pedro Gonnet, Senior Software Engineers, Handwriting Team",1,1,1
"Posted by Sandeep Tata, Software Engineer, Google Research",2,2,2
"Posted by Samuel Yang, Research Scientist, Google Accelerated Science Team",1,1,1
"Posted by Samuel S. Schoenholz, Senior Research Scientist and Roman Novak, Research Engineer, Google Research",1,1,1
"Posted by Samuel J. Yang, Research Scientist and Dick Lyon, Principal Scientist, Google Research",1,1,1
"Posted by Sam Hasinoff, Software Engineer, Machine Perception",1,1,1
"Posted by Sagar Savla, Product Manager, Machine Perception",1,1,1
"Posted by Ryan McDonald, Research Scientist, Google Research",1,1,1
"Posted by Ryan McDonald and Fernando Pereira, Research Team",1,1,1
"Posted by Ryan Hickman and Mamie Rheingold, 20% Robotics Task Force",1,1,1
"Posted by Ryan Babbush, Senior Research Scientist, Quantum AI Team",1,1,1
"Posted by Ryan Babbush, Quantum Software Engineer",1,1,1
"Posted by Ryan Babbush and Jarrod McClean, Quantum Software Engineers, Quantum AI Team",1,1,1
"Posted by Ross Koningstein, Engineering Director Emeritus, Google Research",1,1,1
"Posted by Ross Koningstein, Engineer, Google RE<C team",1,1,1
"Posted by Rose E. Wang, Student Researcher and Aleksandra Faust, Staff Research Scientist, Google Research",1,1,1
"Posted by Rory Sayres PhD and Jonathan Krause PhD, Google AI, Healthcare",1,1,1
"Posted by Romina Stella, Product Manager, Google Translate",1,1,1
"Posted by Robert Obryk and Jyrki Alakuijala, Software Engineers, Google Research Europe",1,1,1
"Posted by Robert Dadashi, Research Software Engineer and Léonard Hussenot, Student Researcher, Google Research",1,1,1
"Posted by Rishabh Singh, Research Scientist and Max Lin, Software Engineer, Google Research",1,1,1
"Posted by Rishabh Agarwal, Research Scientist and Pablo Samuel Castro, Staff Software Engineer, Google Research, Brain Team",1,1,1
"Posted by Rishabh Agarwal, Research Associate, Google Research, Brain Team",1,1,1
"Posted by Rishabh Agarwal, Google AI Resident and Mohammad Norouzi, Research Scientist",1,1,1
"Posted by Rishabh Agarwal, AI Resident and Mohammad Norouzi, Research Scientist, Google Research",1,1,1
"Posted by Rick Boardman, User Experience Researcher",1,1,1
"Posted by Rich Gossweiler, Maryam Kamvar, Shumeet Baluja",1,1,1
"Posted by Reena Jana, Creative Lead, Business Inclusion, and Josh Lovejoy, UX Designer, Google Research",1,1,1
"Posted by Rebecca Shapley, Jayant Madhavan, Rod McChesney, and Kathryn Hurley, Fusion Tables team",1,1,1
"Posted by Rebecca Shapley, Fusion Tables Team",1,1,1
"Posted by Ray Kurzweil, Director of Engineering and Rachel Bernstein, Product Manager, Google Research",1,1,1
"Posted by Randy Sargent, Google/Carnegie Mellon University; Matt Hancher and Eric Nguyen, Google; and Illah Nourbakhsh, Carnegie Mellon University",1,1,1
"Posted by Rami Barends and Julian Kelly, Quantum Electronics Engineers and John Martinis, Research Scientist",1,1,1
"Posted by Rami Barends and Alireza Shabani, Quantum Electronics Engineers",1,1,1
"Posted by Rami Al-Rfou, Research Scientist, Google Research",1,1,1
"Posted by Ramanathan Guha, Google Fellow",1,1,1
"Posted by Rajan Patel, Director, Augmented Reality",1,1,1
"Posted by Raimondas Kiveris, Software Engineer, Google Research",1,1,1
"Posted by Rahul Sukthankar, Research Scientist",1,1,1
"Posted by Rahul Garg, Research Scientist and Neal Wadhwa, Software Engineer",1,1,1
"Posted by Radu Soricut and Zhenzhong Lan, Research Scientists, Google Research",1,1,1
"Posted by Quoc V. Le & Mike Schuster, Research Scientists, Google Brain Team",1,1,1
"Posted by Quoc Le & Barret Zoph, Research Scientists, Google Brain team",1,1,1
"Posted by Quan Wang, Software Engineer, Google Research",1,1,1
"Posted by Qizhe Xie, Student Researcher and Thang Luong, Senior Research Scientist, Google Research, Brain Team",1,1,1
Posted by Proud Googlers,1,1,1
"Posted by Praveen Paritosh, Senior Research Scientist, Ka Wong, Senior Data Scientist",1,1,1
"Posted by Pranav Khaitan, Google Research",1,1,1
"Posted by Prabhu Kaliamoorthi, Software Engineer, Google Research",1,1,1
"Posted by Prabhakar Raghavan, Vice President of Engineering",1,1,1
"Posted by Posted by Yun-hsuan Sung (宋雲軒) and Martin Jansche, Google Research",1,1,1
"Posted by Posted by Juan E. Vargas, University Relations",1,1,1
"Posted by Posted by Corinna Cortes, Head, Google Research NY",1,1,1
"Posted by Piyush Sharma, Software Engineer and Radu Soricut, Research Scientist, Google AI",1,1,1
"Posted by Pi-Chuan Chang, Software Engineer and Lizzie Dorfman, Technical Program Manager, Google Brain Team",1,1,1
"Posted by Phing Lee, Program Manager, Google AI Residency",1,1,1
"Posted by Philip Sun, Software Engineer, Google Research",1,1,1
"Posted by Philip Quinn and Wenxin Feng, Research Scientists, Android UX",1,1,1
"Posted by Phil Long, Research Team",1,1,1
"Posted by Peyman Milanfar, Research Scientist",1,1,1
"Posted by Peter Norvig, Director, Google Research",2,2,2
"Posted by Peter Norvig, Director of Research",1,1,1
Posted by Peter Norvig,1,1,1
"Posted by Peter Liu and Xin Pan, Software Engineers, Google Brain Team",1,1,1
"Posted by Peter J. Liu and Yao Zhao, Software Engineers, Google Research",1,1,1
"Posted by Peter H. Li, Research Scientist and Jeremy Maitin-Shepard, Software Engineer, Connectomics at Google",1,1,1
"Posted by Pete Warden, Software Engineer, Google Brain Team",1,1,1
"Posted by Pete Warden, Software Engineer",1,1,1
"Posted by Pete Florence, Research Scientist and Corey Lynch, Research Engineer, Robotics at Google",1,1,1
"Posted by Per Karlsson and Lucy Yu, Software Engineers, Google Research",1,1,1
"Posted by Peggy Chi, Senior Research Scientist and Irfan Essa, Senior Staff Research Scientist, Google Research",1,1,1
"Posted by Pedro J. Moreno, Staff Research Scientist and Johan Schalkwyk, Senior Staff Engineer",1,1,1
"Posted by Pedro J. Moreno, Research Scientist",1,1,1
"Posted by Paul V. Klimov, Research Scientist, Google AI Quantum Team",1,1,1
"Posted by Paul Natsev, Software Engineer",1,1,1
"Posted by Paul Dille, Senior Software Developer, Carnegie Mellon University CREATE Lab, and Chris Herwig, Geo Data Engineer, Google Earth Outreach",1,1,1
"Posted by Paul C. Boutros, Ontario Institute for Cancer Research, Josh Stuart, UC Santa Cruz, Adam Margolin, Oregon Health & Science University; Nicole Deflaux and Jonathan Bingham, Google Cloud Platform and Google Genomics",1,1,1
"Posted by Patrik Sundberg, Software Engineer and Eyal Oren, Product Manager, Google Brain Team",1,1,1
"Posted by Patrick Riley, Principal Engineer, Accelerated Science Team, Google Research",1,1,1
"Posted by Patrick Riley and Dale Webster, Google Research and",1,1,1
"Posted by Pankaj Gupta and Anand Rangarajan, Engineering Directors, Google India",1,1,1
"Posted by Pablo Samuel Castro, Staff Software Engineer, Google Research",1,1,1
"Posted by Pablo Samuel Castro, Research Software Developer and Marc G. Bellemare, Research Scientist, Google Brain Team",1,1,1
"Posted by Pablo Barrera, Software Engineer, Google Research and Florian Stimberg, Research Engineer, DeepMind",1,1,1
"Posted by Otavio Good, Software Engineer, Google Translate",1,1,1
"Posted by Omid Madani, Senior Software Engineer",1,1,1
"Posted by Olivier Bousquet, Principal Engineer, Google Zürich",1,1,1
"Posted by Olivier Bachem, Research Scientist, Google AI Zürich",1,1,1
"Posted by Olivia Hallisey, 2015 Grand Prize winner, Google Science Fair",1,1,1
"Posted by Ofir Nachum and Bo Dai, Research Scientists, Google Research",1,1,1
"Posted by Noah Fiedel, Software Engineer",1,1,1
"Posted by Nitish Korula and Vahab Mirrokni, Google Research, New York",1,1,1
"Posted by Nikolay Savinov, Research Intern, Google Brain Team and Timothy Lillicrap, Research Scientist, DeepMind",1,1,1
"Posted by Nikita Kitaev, Student Researcher, UC Berkeley and Łukasz Kaiser, Research Scientist, Google Research",1,1,1
"Posted by Nikhil Thorat and Daniel Smilkov, Software Engineers, Google Big Picture Team",1,1,1
"Posted by Nicola Pezzotti, Software Engineering Intern, Google Zürich",1,1,1
"Posted by Nick Johnston, Software Engineer, Machine Perception",1,1,1
"Posted by Nick Johnston, Software Engineer, Google Research",1,1,1
"Posted by Nick Johnston and David Minnen, Software Engineers",1,1,1
"Posted by Nick Dufour, Google Research and Andrew Gully, Jigsaw",1,1,1
"Posted by Nicholas Rubin and Charles Neill, Research Scientists, Google AI Quantum",1,1,1
"Posted by Nicholas Carlini, Research Scientist, Google Research",1,1,1
"Posted by Neil Zeghidour, Research Scientist, Google Research",1,1,1
"Posted by Neil Zeghidour, Research Scientist and Marco Tagliasacchi, Staff Research Scientist, Google Research",1,1,1
"Posted by Neil Houlsby, Research Scientist and Xiaohua Zhai, Research Engineer, Google Research, Zürich",1,1,1
"Posted by Neil Houlsby and Dirk Weissenborn, Research Scientists, Google Research",1,1,1
"Posted by Neil Fraser, Chief Interplanetary Liaison",1,1,1
"Posted by Neil Daswani & Ravi Jain, Google; and Saikat Guha, Cornell University",1,1,1
"Posted by Negar Saei, Program Manager, University Relations",1,1,1
"Posted by Negar Saei, Program Manager, Google Research",1,1,1
"Posted by Neal Wadhwa, Software Engineer and Yinda Zhang, Research Scientist, Google Research",1,1,1
"Posted by Navid Shiee, Senior Software Engineer and Aseem Agarwala, Staff Research Scientist, Google AI",1,1,1
"Posted by Naveen Arivazhagan, Senior Software Engineer and Colin Cherry, Staff Research Scientist, Google Research",1,1,1
"Posted by Nathan Silberman and Sergio Guadarrama, Google Research",1,1,1
"Posted by Nathan Frey, Senior Software Engineer, Google Research, Los Angeles and Zheng Sun, Senior Software Engineer, Google Research, Mountain View",1,1,1
"Posted by Natasha Noy, Research Scientist and Omar Benjelloun, Software Engineer, Google Research",1,1,1
"Posted by Natasha Noy, Google Research and Dan Brickley, Open Source Programs Office",1,1,1
"Posted by Natasha Jaques, Google Research and Michael Dennis, UC Berkeley",1,1,1
"Posted by Natalie Hammel and Lorraine Yurshansky, creators of Nat & Lo’s 20% Project",1,1,1
"Posted by Narayan Hegde, Software Engineer, Google Health and Carrie J. Cai, Research Scientist, Google Research",1,1,1
"Posted by Nal Kalchbrenner and Lasse Espeholt, Google Research",1,1,1
"Posted by Nal Kalchbrenner and Casper Sønderby, Research Scientists, Google Research, Amsterdam",1,1,1
"Posted by Nachiappan Valliappan, Senior Software Engineer and Kai Kohlhoff, Staff Research Scientist, Google Research",1,1,1
"Posted by Murray Stokely, Software Engineer",1,1,1
"Posted by Murray Stokely, Google Storage Analytics Team",1,1,1
"Posted by Murphy Yuezhen Niu and Sergio Boixo, Research Scientists ",1,1,1
"Posted by Moshe Looks, Marcello Herreshoff and DeLesley Hutchins, Software Engineers",1,1,1
Posted by Moshe Looks,1,1,1
"Posted by Moritz Hardt, Research Scientist, Google Brain Team",1,1,1
"Posted by Moritz Hardt, Research Scientist",1,1,1
"Posted by Mohsen Vakilian, Software Engineer",1,1,1
"Posted by Mohammad Babaeizadeh, Research Engineer and Dumitru Erhan, Research Scientist, Google Research",1,1,1
"Posted by Miriam Schneider, Google for Education team",1,1,1
"Posted by Mingxing Tan, Staff Software Engineer and Quoc V. Le, Principal Scientist, Google AI",1,1,1
"Posted by Mingxing Tan, Software Engineer, Google Brain Team",1,1,1
"Posted by Mingxing Tan, Software Engineer and Adams Yu, Research Scientist, Google Research",1,1,1
"Posted by Mingxing Tan and Zihang Dai, Research Scientists, Google Research",1,1,1
"Posted by Ming-Wei Chang and Kelvin Guu, Research Scientists, Google Research",1,1,1
"Posted by Mike Tyka, Software Engineer",1,1,1
"Posted by Mike Schuster, Google Research and Kaisuke Nakajima, Google Japan",1,1,1
"Posted by Mike Schuster (Google Brain Team), Melvin Johnson (Google Translate) and Nikhil Thorat (Google Brain Team)",1,1,1
"Posted by Mike Schuster & Martin Jansche, Google Research",1,1,1
"Posted by Mike Schuster & Kaisuke Nakajima, Google Research",1,1,1
"Posted by Mike Krainin, Software Engineer and Ce Liu, Research Scientist, Machine Perception",1,1,1
"Posted by Mike Belshe, Software Engineer and Roberto Peon, Software Engineer",1,1,1
"Posted by Michelle Tadmor-Ramanovich and Nadav Bar, Senior Software Engineers, Google Research, Tel-Aviv",1,1,1
"Posted by Michelle Chen Huebscher, Software Engineer and Rodrigo Nogueira, New York University PhD Student and Software Engineering Intern, Google AI Language",1,1,1
"Posted by Michele Covell, Vision Research Team",1,1,1
"Posted by Michele Covell, Research Scientist, Google Research",1,1,1
"Posted by Michele Covell & Shumeet Baluja, Research Scientists",1,1,1
"Posted by Michel Benard, University Relations Manager and Cova Soto, Product Marketing Manager, Business Marketing Madrid",1,1,1
"Posted by Michal Januszewski, Software Engineer and Viren Jain, Research Scientist and Technical Lead, Connectomics at Google",1,1,1
"Posted by Michael Schoenberg, uDepth Software Lead and Adarsh Kowdle, uDepth Hardware/Systems Lead, Google Research",1,1,1
"Posted by Michael S. Ryoo, Research Scientist and AJ Piergiovanni, Student Researcher, Robotics at Google",1,1,1
"Posted by Michael Ringgaard, Software Engineer and Rahul Gupta, Research Scientist",1,1,1
"Posted by Michael Rennaker, Program Manager, University Relations",1,1,1
"Posted by Michael Rennaker, Program Manager",1,1,1
"Posted by Michael Rennaker, Google University Relations",3,3,3
"Posted by Michael Rennaker, Google PhD Fellowships Lead",1,1,1
"Posted by Michael Dixon, Software Engineer and Reena Singhal Lee, Product Manager, Google Health",2,2,2
"Posted by Michael Bendersky and Xuanhui Wang, Software Engineers, Google Research",1,1,1
"Posted by Michael Ahn, Software Engineer and Vikash Kumar, Research Scientist, Robotics at Google",1,1,1
"Posted by Melvin Johnson, Senior Software Engineer, Google Translate",1,1,1
"Posted by Melvin Johnson, Senior Software Engineer, Google Research and Sebastian Ruder, Research Scientist, DeepMind",1,1,1
"Posted by Melvin Johnson, Senior Software Engineer, Google Research",1,1,1
Posted by Melody Pound and Lauren Jones,1,1,1
"Posted by Mei Han and Sergey Ioffe, Research Team",1,1,1
"Posted by Maya Gupta, Research Scientist, Jan Pfeifer, Software Engineer and Seungil You, Software Engineer",1,1,1
"Posted by Mauricio Delbracio, Research Scientist and Sungjoon Choi, Software Engineer, Google Research",1,1,1
"Posted by Matthias Grundmann, Vivek Kwatra, and Irfan Essa, Research at Google",1,1,1
"Posted by Matthias Grundmann, Research Scientist and Jianing Wei, Software Engineer, Google Research",1,1,1
"Posted by Matthias Grundmann and Vivek Kwatra, Google Research",1,1,1
"Posted by Matthias Grundmann and Ken Conley, Machine Perception",1,1,1
"Posted by Matthew Burgess and Natasha Noy, Google AI",1,1,1
"Posted by Matt Mohebbi, Software Engineer",1,1,1
"Posted by Matt Harvey, Software Engineer, Google AI Perception",1,1,1
"Posted by Matt Hansen and Peter Potapov, University of Maryland; Rebecca Moore and Matt Hancher, Google",1,1,1
"Posted by Massimiliano Ciaramita, Research Scientist and David Harper, Head University Relations (EMEA)",1,1,1
"Posted by Maryam Kamvar, Melanie Kellar, Rajan Patel and Ya Xu, Google Research",1,1,1
"Posted by Martin Stumpe, Technical Lead, and Lily Peng, Product Manager",1,1,1
"Posted by Martin Stumpe, Technical Lead and Craig Mermel, Product Manager, Healthcare, Google AI",2,2,2
"Posted by Martin Stumpe, Technical Lead and Craig Mermel, Product Manager, Google Brain Team",1,1,1
"Posted by Martin Mladenov, Research Scientist and Chih-wei Hsu, Software Engineer, Google Research",2,2,2
"Posted by Martin Jansche, Software Engineer, Google Research for Low Resource Languages",1,1,1
"Posted by Martin Jansche and Alex Salcianu, Google Speech Team",1,1,1
"Posted by Mark Sandler and Andrew Howard, Google Research",1,1,1
"Posted by Mark Díaz and Emily Denton, Research Scientists, Google Research, Ethical AI Team",1,1,1
"Posted by Mark DePristo and Ryan Poplin, Google Brain Team",1,1,1
"Posted by Mario Lučić, Research Scientist and Marvin Ritter, Software Engineer, Google AI Zürich",1,1,1
"Posted by Marianna Dizik, Statistician",1,1,1
"Posted by Marco Tagliasacchi, Research Scientist, Google Research",1,1,1
"Posted by Marco Cuturi and Jean-Philippe Vert, Research Scientists, Google Research, Brain Team",1,1,1
"Posted by Marc van Zee, Software Engineer, Google Research",1,1,1
"Posted by Marc Pickett, Software Engineer, Chris Tar, Engineering Manager and Brian Strope, Research Scientist",1,1,1
"Posted by Marc Levoy, Principal Engineer and Yael Pritch, Software Engineer",1,1,1
"Posted by Marc Levoy, Google[x] Software Engineering Manager and",1,1,1
"Posted by Marc Levoy, Distinguished Engineer and Yael Pritch, Staff Software Engineer",1,1,1
"Posted by Manfred Ernst and Bartlomiej Wronski, Software Engineers, Google Research",1,1,1
"Posted by Manaal Faruqui, Senior Research Scientist and Emily Pitler, Staff Research Scientist, Google AI Language",1,1,1
"Posted by Malay Haldar, Matt MacMahon, Neha Jha and Raj Arasu, Software Engineers",1,1,1
"Posted by Maithra Raghu, Google Brain Team and Ari S. Morcos, DeepMind",1,1,1
"Posted by Maithra Raghu, Google Brain Team",1,1,1
"Posted by Maithra Raghu and Chiyuan Zhang, Research Scientists, Google Research",1,1,1
"Posted by Maggie Johnson, Vice President of Education and University Relations, Google",1,1,1
"Posted by Maggie Johnson, VP, Google Research",1,1,1
"Posted by Maggie Johnson, VP, Education and Negar Saei, Program Manager, University Relations",1,1,1
"Posted by Maggie Johnson, VP and Negar Saei, Program Manager, Google Research",1,1,1
"Posted by Maggie Johnson, Director of Education, University Relations",1,1,1
"Posted by Maggie Johnson, Director of Education and University Relations, and Aimin Zhu, University Relations Manager, APAC",1,1,1
"Posted by Maggie Johnson, Director of Education and University Relations, Google",5,5,5
"Posted by Maggie Johnson, Director of Education and University Relations and Andrea Held, University Relations Program Manager",1,1,1
"Posted by Maggie Johnson, Director of Education and University Relations",19,19,19
"Posted by Maggie Johnson, Director of Education & University Relations and Jeff Walz, Head of University Relations",1,1,1
"Posted by Maggie Johnson, Director of Education & University Relations",7,7,7
"Posted by Maarten Bosma, Research Engineer and Jason Wei, AI Resident, Google Research",1,1,1
"Posted by Lusann Yang, Software Engineer, Google Research, Applied Science Team",1,1,1
"Posted by Luke Metz, Research Associate and Yun Liu, Software Engineer, 2016 Google Brain Resident Alumni",1,1,1
"Posted by Lukas Zilka, Software Engineer, Google AI, Zürich",1,1,1
"Posted by Lucas Beyer and Alexander Kolesnikov, Research Engineers, Google Research, Zürich",1,1,1
"Posted by Luc Vincent, Engineering Director, Geo Imagery",1,1,1
"Posted by Lu Jiang, Senior Research Scientist and Weilong Yang, Senior Staff Software Engineer, Google Research",1,1,1
"Posted by Lora Aroyo and Praveen Paritosh, Research Scientists, Google Research",1,1,1
"Posted by Lizzy Van Alstine, Research Evangelist and David Chan, Statistician",1,1,1
"Posted by Lizzy Van Alstine and Jon Vaver, Quantitative Analysis Team",1,1,1
"Posted by Linne Ha, Senior Program Manager, Google Research for Low Resource Languages",1,1,1
"Posted by Lily Peng MD PhD, Product Manager, Google Brain Team",1,1,1
"Posted by Lily Peng MD PhD, Product Manager and Varun Gulshan PhD, Research Engineer",1,1,1
"Posted by Lilly Irani & Jens Riegelsberger, User Experience team",1,1,1
"Posted by Liang-Chieh Chen and Yukun Zhu, Software Engineers, Google Research",1,1,1
"Posted by Li Zhang and Wei (Alex) Hong, Software Engineers",1,1,1
"Posted by Leslie Yeh Johnson, University Relations Manager",2,2,2
"Posted by Leslie Yeh Johnson, University Relations",1,1,1
"Posted by Leslie Yeh Johnson, Google University Relations",2,2,2
"Posted by Leopold Haller and Hernan Moraldo, Software Engineers, Google Research",1,1,1
"Posted by Le Hou and Youlong Cheng, Software Engineers, Google Research",1,1,1
"Posted by Laurent El Shafey, Software Engineer and Izhak Shafran, Research Scientist, Google Health",1,1,1
"Posted by Lasse Espeholt, Research Engineer, Google Research, Amsterdam",1,1,1
"Posted by Kurt Thomas and Yuan Niu, Spam & Abuse Research",1,1,1
"Posted by Kurt Konolige, Software Engineer, Robotics at Google",1,1,1
"Posted by Krzysztof Choromanski and Lucy Colwell, Research Scientists, Google Research",1,1,1
"Posted by Krishna Srinivasan, Software Engineer and Karthik Raman, Research Scientist, Google Research",1,1,1
"Posted by Krishna Bharat, Distinguished Research Scientist",1,1,1
"Posted by Kostas Kollias and Sreenivas Gollapudi, Research Scientists, Google Research",1,1,1
"Posted by Koray Kavukcuoglu, Research Scientist, Google DeepMind",1,1,1
"Posted by Konstantinos Bousmalis, Senior Research Scientist, and Sergey Levine, Faculty Advisor, Google Brain Team",1,1,1
"Posted by Konstantin Davydov, Software Engineer and Afshin Rostamizadeh, Research Scientist",1,1,1
"Posted by Kishore Papineni, Research Scientist, Google Research NY",1,1,1
"Posted by Kevin Zakka, Research Intern and Andy Zeng, Research Scientist, Robotics at Google",1,1,1
"Posted by Kevin Murphy, Research Scientist and David Harper, Head of University Relations, EMEA",1,1,1
"Posted by Kevin Murphy, Research Scientist",1,1,1
"Posted by Kevin McCurley, Research Team",2,2,2
"Posted by Kevin Kilgour, Software Engineer and Thomas Unterthiner, Research Software Engineer, Google Research, Zürich",1,1,1
"Posted by Kevin Clark, Student Researcher and Thang Luong, Senior Research Scientist, Google Research, Brain Team",1,1,1
"Posted by Kester Tong, David Soergel, and Gus Katsiapis, Software Engineers",1,1,1
"Posted by Kenton Lee, Research Scientist and Slav Petrov, Principal Scientist, Language Team, Google AI",1,1,1
"Posted by Ken Conley and Matthias Grundmann, Machine Perception",1,1,1
"Posted by Kellie Webster, Software Engineer, Google Research",1,1,1
"Posted by Keith Hall, Research Scientist, Natural Language Understanding, Google Research",1,1,1
"Posted by Keith Hall and Richard Sproat, Staff Research Scientists, Speech",1,1,1
"Posted by Kayur Patel, Kester Tong, Mark Sandler, and Corinna Cortes, Google Research",1,1,1
"Posted by Katrin Tomanek, Software Engineer and Bob MacDonald, Technical Program Manager, Google Research",1,1,1
"Posted by Katie Meckley, Program Manager, Google AI Residency",1,1,1
"Posted by Kathryn Rough, Research Scientist and Alvin Rajkomar, MD, Google Health",1,1,1
"Posted by Katherine Chou, Product Manager and Chung-Cheng Chiu, Software Engineer, Google Brain Team",1,1,1
"Posted by Kartik Singh and Kuntal Loya, Google Scribe team",1,1,1
"Posted by Karthik Raveendran and Suril Shah, Software Engineers, Google Research",1,1,1
"Posted by Karol Kurach, Research Lead and Olivier Bachem, Research Scientist, Google Research, Zürich",1,1,1
"Posted by Karol Hausman, Senior Research Scientist and Yevgen Chebotar, Research Scientist, Robotics at Google",1,1,1
"Posted by Karen Parker, App Inventor Program Manager",1,1,1
"Posted by Julian Kelly, Research Scientist, Quantum AI Lab",1,1,1
"Posted by Julian Kelly, Rami Barends, and Austin Fowler, Quantum Electronics Engineers",1,1,1
"Posted by Julian Ibarz, Staff Software Engineer, Google Brain Team and Sujoy Banerjee, Product Manager, Ground Truth Team",1,1,1
"Posted by Julian Eisenschlos, AI Resident, Google Research, Zürich",1,1,1
"Posted by Julia Wilkowski, Staff Instructional Designer",1,1,1
"Posted by Julia Wilkowski, Senior Instructional Designer",1,1,1
"Posted by Juan Vargas,",1,1,1
"Posted by Joshua Bloch, Software Engineer",1,1,1
"Posted by Joseph Xu, Senior Software Engineer and Pranav Khaitan, Engineering Lead, Google Research",1,1,1
"Posted by Joseph L. Hellerstein, Manager of Google Performance Analytics",1,1,1
"Posted by Joseph Bardin, Visiting Faculty Researcher and Erik Lucero, Staff Research Scientist and Hardware Lead, Google AI Quantum Team",1,1,1
"Posted by Jordi Pont-Tuset, Research Scientist, Google Research",1,1,1
"Posted by Joonseok Lee, Software Engineer, Google AI",1,1,1
"Posted by Joonseok Lee and Joe Yue-Hei Ng, Software Engineers, Google Research",1,1,1
"Posted by Jonathan Shen and Ruoming Pang, Software Engineers, on behalf of the Google Brain and Machine Perception Teams",1,1,1
"Posted by Jonathan Mallinson and Aliaksei Severyn, Research Scientists, Google Research",1,1,1
"Posted by Jonathan Huang, Research Scientist and Vivek Rathod, Software Engineer, Google AI Perception",1,1,1
"Posted by Jonathan Huang, Research Scientist and Vivek Rathod, Software Engineer",1,1,1
"Posted by Jonathan Ho, Research Scientist and Chitwan Saharia, Software Engineer, Google Research, Brain Team",1,1,1
"Posted by Jonathan Clark, Research Scientist, Google Research",1,1,1
"Posted by Jonathan Bingham, Product Manager",1,1,1
"Posted by Jon Vaver, Research Scientist and Lizzy Van Alstine, Marketing Manager",1,1,1
"Posted by Jon Shlens, Senior Research Scientist",1,1,1
"Posted by Jon Orwant, Engineering Manager, Google Books",1,1,1
"Posted by Jon Orwant, Engineering Manager for Google Books",1,1,1
"Posted by Jon Orwant, Engineering Manager",5,5,5
"Posted by John Wilkes, Principal Software Engineer, Google Cloud",1,1,1
"Posted by John Wilkes, Principal Software Engineer",2,2,2
Posted by John Taylor and Kevin Serafini,1,1,1
"Posted by John Quinn, Software Engineer, Google Research, Ghana",1,1,1
"Posted by John Martinis, Chief Scientist Quantum Hardware and Sergio Boixo, Chief Scientist Quantum Computing Theory, Google AI Quantum",1,1,1
"Posted by John D. Co-Reyes, Research Intern and Yingjie Miao, Senior Software Engineer, Google Research",1,1,1
"Posted by John Cox, Software Engineer",2,2,2
"Posted by John Cox and Pavel Simakov, Course Builder Team, Google Research",1,1,1
"Posted by John Blitzer and Douglas Eck, Google Research",1,1,1
"Posted by John Atwood, Program Manager",1,1,1
"Posted by Johan Schalkwyk, Software Engineer",1,1,1
"Posted by Johan Schalkwyk, Google Research",1,1,1
"Posted by Johan Schalkwyk, Google Fellow, Speech Team",1,1,1
"Posted by Johan Ferret, Student Researcher, Google Research, Brain Team",1,1,1
"Posted by Joel Shor, Software Engineer, Google Research, Tokyo and Sachin Joglekar, Software Engineer, TensorFlow",1,1,1
"Posted by Joel Shor, Software Engineer, Google Research and Sercan Arik, Research Scientist, Google Research, Cloud AI Team",1,1,1
"Posted by Joel Shor, Software Engineer and Oran Lang, Software Engineer, Google Research, Israel",1,1,1
"Posted by Joel Shor, Senior Software Engineer, Machine Perception",1,1,1
"Posted by Joel Shor and Dotan Emanuel, Research Engineers, Google Research, Tel Aviv",1,1,1
"Posted by Jinsung Yoon and Sercan O. Arik, Research Scientists, Cloud AI Team, Google Research",1,1,1
"Posted by Jing Yu Koh, Research Engineer and Peter Anderson, Senior Research Scientist, Google Research",1,1,1
"Posted by Jimmy Chen, Quantum Research Scientist and Matt McEwen, Student Researcher, Google Quantum AI",1,1,1
"Posted by Jimbo Wilson, Software Engineer, Google Big Picture Team and Brendan Meade, Professor, Harvard Department of Earth and Planetary Sciences",1,1,1
"Posted by Jie Ren, Research Scientist, Google Research and Balaji Lakshminarayanan, Research Scientist, DeepMind",1,1,1
"Posted by Jiawen Chen and Sam Hasinoff, Software Engineers, Google Research",1,1,1
"Posted by Jianing Wei and Tyler Mullen, Software Engineers, Google Research",1,1,1
"Posted by Ji Hun Kim and Richard Wu, Software Engineers, Stadia",1,1,1
Posted by Jeremy Brewer,1,1,1
"Posted by Jennifer Vaden Barth, Executive Assistant",1,1,1
"Posted by Jennifer Kurkoski, Ph.D., Manager, People & Innovation Lab",1,1,1
"Posted by Jennifer J. Sun, Student Researcher and Ting Liu, Senior Software Engineer, Google Research",1,1,1
"Posted by Jennifer Daniel, Expressions Creative Director, Allo",1,1,1
"Posted by Jeff Walz, University Relations and Anne Bray, Head of Agency, WPP",1,1,1
"Posted by Jeff Walz, University Relations Team",1,1,1
"Posted by Jeff Walz, Head of University Relations",1,1,1
Posted by Jeff Walz and Kevin McCurley,1,1,1
Posted by Jeff Walz and Andrea Held,1,1,1
"Posted by Jeff Dean, Senior Google Fellow, and Rajat Monga, Technical Lead",1,1,1
"Posted by Jeff Dean, Senior Fellow and SVP of Google Research and Health, on behalf of the entire Google Research community",2,2,2
"Posted by Jeff Dean, Senior Fellow and Google AI Lead, on behalf of the entire Google Research Community",1,1,1
"Posted by Jeff Dean, Google Senior Fellow, on behalf of the entire Google Brain Team",3,3,3
"Posted by Jeff Dean, Google Senior Fellow, Head of Google Research and Machine Intelligence",1,1,1
"Posted by Jeff Dean, Google Senior Fellow and Leslie Phillips, Google Brain Residency Program Manager",1,1,1
"Posted by Jeff Dean, Google Senior Fellow",1,1,1
Posted by Jayant Madhavan and Alon Halevy,1,1,1
"Posted by Jay Yagnik, Head of Computer Vision Research",2,2,2
"Posted by Javier Bargas-Avila, User Experience Research at Google",1,1,1
"Posted by Javier Bargas-Avila, Senior User Experience Researcher at YouTube UX Research",2,2,2
"Posted by Javier Bargas-Avila and Mirjam Seckler, User Experience Research at Google",1,1,1
"Posted by Jasper Uijlings and Vittorio Ferrari, Research Scientists, Machine Perception",1,1,1
"Posted by Jasper Snoek, Research Scientist and Zachary Nado, Research Engineer, Google Research",1,1,1
"Posted by Jason Weston and Samy Bengio, Research Team",1,1,1
"Posted by Jason Mars, Software Engineering Intern",1,1,1
"Posted by Jason Holt, Software Engineer",1,1,1
"Posted by Jason Hickey, Senior Software Engineer, Google Research",1,1,1
"Posted by Jarrod McClean, Staff Research Scientist and Hsin-Yuan (Robert) Huang",1,1,1
"Posted by Jarrod McClean, Senior Research Scientist and Hartmut Neven, Director of Engineering, Google AI Quantum Team",1,1,1
"Posted by Jaqui Herman, Research Specialist and Tim Herrmann, Program Manager",1,1,1
"Posted by Jaqui Herman and Cat Armato, Program Managers",2,2,2
"Posted by JamieSue Goodman, Program Lead, CS First",1,1,1
"Posted by James Wexler, Software Engineer, Google AI",1,1,1
"Posted by James Wexler, Software Developer and Ian Tenney, Software Engineer, Google Research",1,1,1
"Posted by James Wexler, Senior Software Engineer, Google Big Picture Team",1,1,1
"Posted by James Lyon, Google AI, Zürich",1,1,1
"Posted by James Cook, Yechen Li, Software Engineers and Ravi Kumar, Research Scientist",1,1,1
"Posted by Jakub Łącki and Vahab Mirrokni, Research Scientists, Google Research",1,1,1
"Posted by Jakob Uszkoreit, Software Engineer, Natural Language Understanding",1,1,1
"Posted by Jakob Uszkoreit, Software Engineer",1,1,1
"Posted by Jakob Uszkoreit, Ingeniarius Programmandi",1,1,1
"Posted by Jake Brutlag, Web Search Infrastructure",1,1,1
"Posted by Jaime Lien, Research Engineer and Nicholas Gillian, Software Engineer, Google Advanced Technology and Projects",1,1,1
"Posted by Jae Hun Ro, Software Engineer and Ananda Theertha Suresh, Research Scientist, Google Research",1,1,1
"Posted by Jacob Devlin and Ming-Wei Chang, Research Scientists, Google AI Language",1,1,1
"Posted by Ivan Krasin and Tom Duerig, Software Engineers",1,1,1
"Posted by Ivan Grishchenko and Valentin Bazarevsky, Research Engineers, Google Research",1,1,1
"Posted by Iulia-Maria Comșa and Krzysztof Potempa, Research Engineers, Google Research, Zürich",1,1,1
"Posted by Itay Inbar, Senior Software Engineer, Google Research",1,1,1
"Posted by Itay Inbar and Nir Shemy, Software Engineers, Google Research",1,1,1
"Posted by Isaac Caswell and Bowen Liang, Software Engineers, Google Research",1,1,1
"Posted by Irwan Bello, Research Associate, Google Brain Team",1,1,1
"Posted by Inbar Mosseri, Software Engineer and Michael Rubinstein, Research Scientist, Google Research",1,1,1
"Posted by Inbar Mosseri and Oran Lang, Software Engineers, Google Research",1,1,1
"Posted by Ian Goodfellow, Staff Research Scientist, Google Brain Team",1,1,1
"Posted by Hyunyoung Choi and Paul Liu, Senior Economists",1,1,1
"Posted by Huiyu Wang, Student Researcher and Yukun Zhu, Software Engineer, Google Research",1,1,1
"Posted by Huiyu Wang, Student Researcher and Liang-Chieh Chen, Research Scientist, Google Research",1,1,1
"Posted by Hui Fang, Software Engineer, Machine Perception",1,1,1
"Posted by Huanming Fang and Hui Miao, Software Engineers, Google Research",1,1,1
"Posted by Hsu-Chieh Lee, Xing Chen, Software Engineers, and Qian An, Analyst",1,1,1
"Posted by Hossein Talebi, Software Engineer and Peyman Milanfar Research Scientist, Machine Perception",1,1,1
"Posted by Hossein Bateni, Research Scientist and Kevin Aydin, Software Engineer, NYC Algorithms and Optimization Research Team",1,1,1
"Posted by Heng-Tze Cheng, Senior Software Engineer, Google Research",1,1,1
"Posted by Hendrik Mueller, User Experience Researcher",1,1,1
"Posted by Haşim Sak, Andrew Senior, Kanishka Rao, Françoise Beaufays and Johan Schalkwyk – Google Speech Team",1,1,1
"Posted by Hartmut Neven, Technical Lead Manager Image Recognition",1,1,1
"Posted by Hartmut Neven, Director of Engineering",3,3,3
"Posted by Harsh Mehta, Software Engineer and Jason Baldridge, Research Scientist, Google Research",1,1,1
"Posted by Hansa Srinivasan, Software Engineer, Google Research",1,1,1
"Posted by Hanna Mazzawi, Research Engineer and Xavi Gonzalvo, Research Scientist, Google Research",1,1,1
"Posted by Hanah Kim, University Programs",1,1,1
"Posted by Han Zhang, Research Scientist and Jing Yu Koh, Software Engineer, Google Research",1,1,1
"Posted by Hal Varian, Chief Economist and Hyunyoung Choi, Sr. Economist",1,1,1
"Posted by Hal Varian, Chief Economist and Hyunyoung Choi, Decision Support Engineering Analyst",1,1,1
"Posted by Hal Abelson, Visiting Faculty",1,1,1
"Posted by Hal Abelson, Professor of Computer Science and Engineering, MIT",1,1,1
"Posted by Guy Calvert, AdSense Sales",1,1,1
"Posted by Grzegorz Czajkowski, Systems Infrastructure Team",1,1,1
"Posted by Grzegorz Czajkowski, Marián Dvorský, Jerry Zhao, and Michael Conley, Systems Infrastructure",1,1,1
Posted by Greg Corrado,1,1,1
"Posted by Google Research Scientists Oriol Vinyals, Alexander Toshev, Samy Bengio, and Dumitru Erhan",1,1,1
"Posted by Gilles Baechler and Srinivas Sunkara, Software Engineers, Google Research",1,1,1
"Posted by George Tucker, Research Scientist and Sergey Levine, Faculty Advisor, Google Research",1,1,1
"Posted by George Dahl, Research Scientist, Google Brain Team",1,1,1
"Posted by Frederick Liu and Garima Pruthi, Software Engineers, Google Research",1,1,1
"Posted by Françoise Beaufays, Research Scientist",1,1,1
"Posted by Françoise Beaufays, Principal Scientist, Speech and Keyboard Team and Michael Riley, Principal Scientist, Speech and Languages Algorithms Team",1,1,1
"Posted by Franz Och, Research Scientist",1,1,1
"Posted by Franz Och, Principal Scientist",1,1,1
Posted by Franz Josef Och,1,1,1
Posted by Francoise Beaufays,1,1,1
"Posted by Francisco Ruiz Anton, Policy Manager, Google Spain",1,1,1
"Posted by Forrester Cole, Software Engineer and Tali Dekel, Research Scientist",1,1,1
"Posted by Florian Kainz, Software Engineer, Google Daydream",1,1,1
"Posted by Florian Kainz and Kiran Murthy, Software Engineers, Google Research",1,1,1
"Posted by Flavien Prost, Senior Software Engineer and Alex Beutel, Staff Research Scientist, Google Research",1,1,1
"Posted by Fernando Pereira, Research Director",3,3,3
"Posted by Fernando Pereira, Google Research",1,1,1
"Posted by Fereshteh Sadeghi, Student Researcher, Google Brain Team",1,1,1
"Posted by Felix Stahlberg and Shankar Kumar, Research Scientists, Google Research",1,1,1
"Posted by Fadi Biadsy, Research Scientist and Ron Weiss, Software Engineer, Google Research",1,1,1
"Posted by Evgeniy Gabrilovich, Senior Staff Research Scientist, Google Research, and WWW 2017 Technical Program Co-Chair",1,1,1
"Posted by Eunsol Choi, Visiting Faculty Researcher and Tom Kwiatkowski, Research Scientist, Google Research",1,1,1
"Posted by Eugene Weinstein and Pedro Moreno, Google Speech Team",1,1,1
"Posted by Esteban Real, Vincent Vanhoucke, Jonathon Shlens, Google Brain Team and",1,1,1
"Posted by Esteban Real, Staff Software Engineer and Chen Liang, Software Engineer, Google Research, Brain Team",1,1,1
"Posted by Esteban Real, Senior Software Engineer, Google Brain Team",1,1,1
"Posted by Eric Jang, Software Engineer, Robotics at Google and Coline Devin, Berkeley PhD Student and former Research Intern",1,1,1
"Posted by Erez Lieberman Aiden and Jean-Baptiste Michel, Visiting Faculty at Google",1,1,1
"Posted by Enrique Alfonseca, Staff Research Scientist, Google Assistant",1,1,1
"Posted by Enrique Alfonseca, Google Research",1,1,1
"Posted by Emmanuel Mogenet, Head of Google Research, Europe",1,1,1
"Posted by Emily Knapp, Program Manager and Benjamin Hütteroth, Program Specialist",1,1,1
"Posted by Emily Knapp and Tim Herrmann, Program Managers",1,1,1
"Posted by Emilie Danna, Google Research & Michal Segalov,Networking Software",1,1,1
"Posted by Elie Bursztein - anti-abuse & security research, Nicolas Lidzborski - Gmail security engineering, and Vijay Eranti - Gmail anti-abuse engineering",1,1,1
"Posted by Elie Bursztein - Anti-abuse team, Parisa Tabriz - Chrome Security and Niels Provos - Security team",1,1,1
"Posted by Eleni Triantafillou, Student Researcher and Vincent Dumoulin, Research Scientist, Google Research",1,1,1
"Posted by Elaine Kao, Education Program Manager",1,1,1
"Posted by Elad Hazan and Yoram Singer, Research Scientists, Google AI and Princeton University",1,1,1
"Posted by Ekin Dogus Cubuk, Google AI Resident and Barret Zoph, Research Scientist, Google Brain Team",1,1,1
"Posted by Ehsan Amid, Student Researcher and Rohan Anil, Software Engineer, Google Research",1,1,1
"Posted by Eduard Trulls, Research Scientist, Google Maps",1,1,1
"Posted by Dumitru Erhan, Gentleman Scientist",1,1,1
"Posted by Dr. Stacey Gabriel, Director of the Genomics Platform at the Broad Institute of MIT and Harvard",1,1,1
"Posted by Dr. Robert Rohde, Berkeley Earth",1,1,1
"Posted by Dr. Kyle Ellrott, Oregon Health and Sciences University, Dr. Josh Stuart, University of California Santa Cruz, and Dr. Paul Boutros, Ontario Institute for Cancer Research",1,1,1
"Posted by Douglas Eck, Research Scientist",1,1,1
"Posted by Doug Grundman, Maps Anti-Abuse, and Kurt Thomas, Security & Anti-Abuse Research",1,1,1
"Posted by Doug Eck, Research Scientist, Google Brain Team",1,1,1
"Posted by Dmitriy Genzel, Software Engineer",1,1,1
"Posted by Dmitriy Genzel and Ashok Popat, Research Scientists and Dhyanesh Narayanan, Product Manager",1,1,1
"Posted by Diego Martin Arroyo, Software Engineer and Federico Tombari, Research Scientist, Google Research",1,1,1
"Posted by Dharshan Kumaran and Demis Hassabis, Google DeepMind, London",1,1,1
"Posted by Derek Murray, Software Engineer",1,1,1
"Posted by Dennis Abts, Michael R. Marty, Philip M. Wells, Peter Klausler, and Hong Liu",1,1,1
"Posted by Deirdre O'Brien and Diane Tang, Adwords Team",1,1,1
"Posted by Debidatta Dwibedi, Research Scientist, Robotics at Google",1,1,1
"Posted by Debidatta Dwibedi, Research Associate, Google Research",1,1,1
"Posted by David Weiss and Slav Petrov, Research Scientists",1,1,1
"Posted by David So, Software Engineer, Google AI",1,1,1
"Posted by David Silver and Demis Hassabis, Google DeepMind",1,1,1
"Posted by David Konerding, Staff Software Engineer",1,1,1
"Posted by David Harper, University Relations and Beate List, Research Programs",1,1,1
"Posted by David Harper, Head of University Relations, EMEA",1,1,1
"Posted by David Harper, Google University Relations & Beate List, Google Research Programs",1,1,1
"Posted by David Ha, Staff Research Scientist and Yujin Tang, Research Software Engineer, Google Research, Tokyo",1,1,1
"Posted by David Ha, Google Brain Resident",1,1,1
"Posted by David Chan, Statistician and Lizzy Van Alstine, Research Evangelist",1,1,1
"Posted by David Chan and Lizzy Van Alstine, Quantitative Management Team",1,1,1
"Posted by Dave Thau, Senior Developer Advocate",1,1,1
"Posted by Dave Thau, Developer Advocate for Google Earth Engine and Karin Tuxen-Bettman, Program Manager, Google Earth Outreach",1,1,1
"Posted by Dave Steiner, MD, Research Scientist and Shravya Shetty, Technical Lead, Google Health",1,1,1
"Posted by Dave Orr, Product Manager, and Ciprian Chelba, Research Scientist",1,1,1
"Posted by Dave Orr, Product Manager, Google Research",1,1,1
"Posted by Dave Orr, Google Research Product Manager",2,2,2
"Posted by Dave Orr, Amar Subramanya, and Fernando Pereira, Google Research",1,1,1
"Posted by Dave Orr, Amar Subramanya, Evgeniy Gabrilovich, and Michael Ringgaard, Google Research",1,1,1
"Posted by Dave Epstein, Student Researcher and Chen Sun, Staff Research Scientist, Google Research",1,1,1
"Posted by Danijar Hafner, Student Researcher, Google Research",2,2,2
"Posted by Danijar Hafner, Student Researcher, Google AI",1,1,1
"Posted by Daniel Wolf, Software Engineer",1,1,1
Posted by Daniel Smilkov and the Big Picture group,1,1,1
"Posted by Daniel Seita, Research Intern and Andy Zeng, Research Scientist, Robotics at Google",1,1,1
"Posted by Daniel S. Park, AI Resident and William Chan, Research Scientist",1,1,1
"Posted by Daniel Russell, Über Tech Lead for Search Quality and User Happiness",1,1,1
"Posted by Daniel Ramage, Research Scientist and Stefano Mazzocchi, Software Engineer, Google Research",1,1,1
"Posted by Daniel J. Mankowitz, Research Scientist, DeepMind and Gabriel Dulac-Arnold, Research Scientist, Google Research",1,1,1
"Posted by Daniel Freedman and Ehud Rivlin, Research Scientists, Google Health",1,1,1
"Posted by Daniel Ford, Senior Mathematician",1,1,1
Posted by Daniel Ford and Josh Batson,1,1,1
"Posted by Daniel Adiwardana, Senior Research Engineer, and Thang Luong, Senior Research Scientist, Google Research, Brain Team",1,1,1
"Posted by Dana Alon and Jeongwoo Ko, Software Engineers, Google Research",1,1,1
"Posted by Dan Vanderkam, Software Engineer",1,1,1
"Posted by Dan Russell, Uber Tech Lead, Search Quality & User Happiness and Maggie Johnson, Director of Education and University Relations",1,1,1
"Posted by Dan Russell, Uber Tech Lead, Search Quality & User Happiness",1,1,1
"Posted by Dan Gillick, Research Scientist, and Dave Orr, Product Manager",1,1,1
"Posted by Dan Ellis, Research Scientist, Sound Understanding Team",1,1,1
"Posted by Dan Clancy, Director of Research",1,1,1
"Posted by Dan Belov, Principal Engineer and David Konerding, Software Engineer",1,1,1
"Posted by Dami Choi, Student Researcher and George Dahl, Senior Research Scientist, Google Research",1,1,1
"Posted by Crystal Davis, Director of Global Forest Watch, the World Resources Institute, and Dave Thau, Developer Advocate, Google Earth Engine",1,1,1
"Posted by Craig Citro, Software Engineer",1,1,1
"Posted by Corinna Cortes, Head, Google Research NY",2,2,2
"Posted by Corinna Cortes, Head of Google Research NY and Cong Yu, Research Scientist",1,1,1
"Posted by Corinna Cortes, Google Research",1,1,1
"Posted by Corinna Cortes, Boulos Harb, Afshin Rostamizadeh, Ken Wilder, and Cong Yu, Google Research",1,1,1
"Posted by Corinna Cortes and Alfred Spector, Google Research",5,5,5
"Posted by Colin Evans and Dayu Yuan, Software Engineers",1,1,1
"Posted by Ciprian Chelba, Research Team",1,1,1
"Posted by Ciprian Chelba, Research Scientist",2,2,2
"Posted by Cibu Johny, Software Engineer, Google Research and Saumya Dalal, Product Manager, Google Geo",1,1,1
"Posted by Chunhui Gu & David Ross, Software Engineers",1,1,1
"Posted by Chun-Liang Li and Kihyuk Sohn, Research Scientists, Google Cloud",1,1,1
"Posted by Chuck Rosenberg, Image Search Team",1,1,1
"Posted by Christopher Olah, Research Scientist, Google Brain Team and Alex Mordvintsev, Research Scientist, Google Research",1,1,1
"Posted by Christopher Fifty, Research Engineer, Google Research, Brain Team",1,1,1
"Posted by Christopher Alberti and Michiel Bacchiani, Google Research",1,1,1
"Posted by Christophe Bisciglia, Senior Software Engineer, and Alfred Spector, Vice President of Research",1,1,1
"Posted by Christine Kaeser-Chen, Software Engineer and Serge Belongie, Visiting Faculty, Google Research",1,1,1
"Posted by Christine Kaeser-Chen, Software Engineer and Serge Belongie, Visiting Faculty, Google AI",1,1,1
"Posted by Christian Szegedy, Software Engineer",1,1,1
"Posted by Christian Stefansen, Senior Software Engineer",1,1,1
"Posted by Christian Howard, Google Research",1,1,1
"Posted by Christian Howard, Editor-in-Chief, Research Communications",4,4,4
"Posted by Christian Howard, Editor-in-Chief, Google AI Communications",3,3,3
"Posted by Christian Frank, Google Research, Zürich",1,1,1
"Posted by Chris Stephenson, Head of Computer Science Education Strategy",1,1,1
"Posted by Chris Stephenson, Head of Computer Science Education Programs at Google, and Joyce Malyn-Smith, Managing Project Director at Education Development Center (EDC)",1,1,1
"Posted by Chris Stephenson, Head of Computer Science Education Programs",2,2,2
"Posted by Chris Stephenson, Computer Science Education Program Manager",1,1,1
"Posted by Chris Shallue, Software Engineer, Google Brain Team",1,1,1
"Posted by Chris Shallue, Senior Software Engineer, Google Brain Team",1,1,1
"Posted by Chris Shallue, Senior Software Engineer and George Dahl, Senior Research Scientist, Google AI",1,1,1
"Posted by Chris Reid, Sydney Staffing team",1,1,1
"Posted by Chris Olston, Research Scientist, and Noah Fiedel, Software Engineer, TensorFlow Serving",1,1,1
"Posted by Chris Olah, Research Scientist and Arvind Satyanarayan, Visiting Researcher, Google Brain Team",1,1,1
"Posted by Chris Olah, Google Research",1,1,1
"Posted by Chris Herwig, Program Manager, Google Earth Engine",1,1,1
"Posted by Chris Alberti, Dave Orr & Slav Petrov, Google Natural Language Understanding Team",1,1,1
"Posted by Chong Wang, Research Scientist, Google AI",1,1,1
"Posted by Chinmay Kulkarni, Stanford University Ph.D candidate and former Google Intern, and Ed H. Chi, Google Research Scientist",1,1,1
"Posted by Chia-Kai Liang, Senior Staff Software Engineer and Fuhao Shi, Android Camera Team",1,1,1
"Posted by Chi Zeng and Justine Tunney, Software Engineers, Google Brain Team",1,1,1
"Posted by Chen Sun and Cordelia Schmid, Research Scientists, Google Research",1,1,1
"Posted by Chen Liang and Yifeng Lu, Software Engineers, Google Research, Brain Team",1,1,1
"Posted by Chase Roberts, Research Engineer, Google AI and Stefan Leichenauer, Research Scientist, X",1,1,1
"Posted by Charles Weill, Software Engineer, Google AI, NYC",1,1,1
"Posted by Charles Neill and Zhang Jiang, Senior Research Scientists, Google Quantum AI",1,1,1
"Posted by Charles DuHadway, YouTube Slam Team, Google Research",1,1,1
"Posted by Charles DuHadway and Sanketh Shetty, Google Research",1,1,1
"Posted by Chao Jia and Yinfei Yang, Software Engineers, Google Research",1,1,1
"Posted by Chao Chen, Software Engineer, Google Research",1,1,1
"Posted by Ce Liu, Michael Rubinstein, Mike Krainin and Bill Freeman, Research Scientists",1,1,1
"Posted by Catherine Armato, Program Manager",1,1,1
"Posted by Catherine Armato, Google Research",1,1,1
"Posted by Catherina Xu and Tulsee Doshi, Product Managers, Google Research",1,1,1
"Posted by Cat Armato, Program Manager, Google Research",1,1,1
"Posted by Cat Armato and Jaqui Herman, Program Managers",1,1,1
"Posted by Cat Armato and Emily Knapp, Program Managers",1,1,1
"Posted by Cassidy Curtis, Visual Designer and David Salesin, Principal Scientist, Google Research",1,1,1
"Posted by Carrie J. Cai, Senior Research Scientist, Google Research and Philip J. Guo, Assistant Professor, UC San Diego",1,1,1
"Posted by Carlos Hernández, Software Engineer",1,1,1
"Posted by Carl Vondrick, Research Scientist, Machine Perception",1,1,1
"Posted by Candice Schumann and Susanna Ricco, Software Engineers, Google Research",1,1,1
"Posted by Candice Reimers, Senior Program Manager",1,1,1
"Posted by Cameron Fadjo, Program Lead, Computer Science Teaching Fellows",1,1,1
"Posted by Cam Askew and André Araujo, Software Engineers, Google Research",1,1,1
"Posted by C. Daniel Freeman, Senior Software Engineer and Erik Frey, Staff Software Engineer, Google Research",1,1,1
"Posted by Bryan Perozzi, Research Scientist, NYC Algorithms and Optimization Team",1,1,1
"Posted by Brian Strope, Research Scientist, and Ray Kurzweil, Engineering Director, Google Research",1,1,1
"Posted by Brian Bershad, Director of Engineering, Site Director, Google Seattle",1,1,1
"Posted by Brendan McMahan and Daniel Ramage, Research Scientists",1,1,1
"Posted by Brad Chen, Technical Lead/Manager",1,1,1
"Posted by Bowen Cheng, Student Researcher and Liang-Chieh Chen, Research Scientist, Google Research",1,1,1
"Posted by Bogdan Arsintescu, Software Engineer & Sreenivas Gollapudi, Kostas Kollias, Tamas Sarlos and Andrew Tomkins, Research Scientists",1,1,1
"Posted by Bo Chen, Software Engineer and Jeffrey M. Gilbert, Member of Technical Staff, Google Research",1,1,1
"Posted by Bingyi Cao and Tobias Weyand, Software Engineers, Google AI",1,1,1
"Posted by Bill Magnuson, Hal Abelson, and Mark Friedman",1,1,1
"Posted by Bill Coughran, Senior Vice President of Engineering",1,1,1
"Posted by Bill Byrne and Filip Radlinski, Research Scientists, Google Research",1,1,1
"Posted by Beryl Nelson, Software Engineering Manager",1,1,1
"Posted by Benjamin Yolken, Google Public Data Product Manager",1,1,1
"Posted by Benjamin Eysenbach, Student Researcher, Google Research",1,1,1
"Posted by Ben Bayer, Google Research",1,1,1
"Posted by Behnam Bastani, Software Engineer Manager and Eric Turner, Software Engineer, Daydream",1,1,1
"Posted by Bartlomiej Wronski, Software Engineer and Peyman Milanfar, Lead Scientist, Computational Imaging",1,1,1
"Posted by Barret Zoph, Vijay Vasudevan, Jonathon Shlens and Quoc Le, Research Scientists, Google Brain Team",1,1,1
"Posted by Badih Ghazi and Joshua R. Wang, Research Scientists, Google Research",1,1,1
"Posted by Avinava Dubey, Research Scientist, Google Research",1,1,1
"Posted by Aurko Roy, Research Scientist, Google Research",1,1,1
"Posted by Asim Shankar and Wolff Dobson, Google Brain Team",1,1,1
"Posted by Ashok C. Popat, Research Scientist",1,1,1
"Posted by Ashish Venugopal, Research Scientist",2,2,2
"Posted by Aseem Agarwala, Research Scientist, Clips Content Team Lead",1,1,1
"Posted by Artsiom Ablavatski and Marat Dukhan, Software Engineers, Google Research",1,1,1
"Posted by Artsiom Ablavatski and Ivan Grishchenko, Research Engineers, Google AI",1,1,1
"Posted by Artem Dementyev, Hardware Engineer, Google Research",2,2,2
"Posted by Arindrima Datta and Anjuli Kannan, Software Engineers, Google Research",1,1,1
"Posted by Archit Sharma, AI Resident, Google Research",1,1,1
"Posted by Anurag Batra and Parker Barnes, Product Managers, Google AI",1,1,1
"Posted by Anton Tsitsulin, Research Intern and Bryan Perozzi, Senior Research Scientist, Graph Mining Team, Google Research",1,1,1
"Posted by Anton Mikhailov, Senior Software Engineer, Daydream",1,1,1
"Posted by Anthony Francis, Software Engineer and Alexander Toshev, Staff Research Scientist, Google Research",1,1,1
"Posted by Anne Aula, Rehan Khan, and Zhiwei Guan, User Experience Team",1,1,1
"Posted by Anna Ukhanova, Technical Program Manager, Google Research Europe",1,1,1
"Posted by Anna Ukhanova, Program Manager, Google AI Zürich",1,1,1
"Posted by Anna Goldie, Senior Software Engineer and Azalia Mirhoseini, Senior Research Scientist, Google Research, Brain Team",1,1,1
"Posted by Anna Goldie and Denny Britz, Research Software Engineer and Google Brain Resident, Google Brain Team",1,1,1
"Posted by Ankur Parikh and Xuezhi Wang, Research Scientists, Google Research",1,1,1
"Posted by Ankur Bapna, Software Engineer and Orhan Firat, Research Scientist, Google Research",1,1,1
"Posted by Anelia Angelova, Research Scientist, Robotics at Google",1,1,1
"Posted by Andy Zeng, Student Researcher, Robotics at Google",1,1,1
"Posted by Andy Zeng and Pete Florence, Research Scientists, Robotics at Google",1,1,1
Posted by Andy Connolly and Ryan Scranton,1,1,1
"Posted by André Araujo and Tobias Weyand, Software Engineers, Google Research",1,1,1
"Posted by Andrey Vakunov and Dmitry Lagun, Research Engineers, Google Research",1,1,1
"Posted by Andrew Zaldivar, Responsible AI Advocate, Google Research, on behalf of the TFCO Team",1,1,1
"Posted by Andrew W. Moore, Director, Google Commerce and Site Director, Pittsburgh",1,1,1
"Posted by Andrew Tomkins, Director of Engineering, Google Research",1,1,1
"Posted by Andrew Tomkins, Director of Engineering and William D. Heavlin, Statistician, Google Research",1,1,1
"Posted by Andrew Schwerin, Software Engineer",1,1,1
"Posted by Andrew Poon, Senior Software Engineer and Dhyanesh Narayanan, Product Manager, Google AI Perception",1,1,1
"Posted by Andrew Howard and Suyog Gupta, Software Engineers, Google Research",1,1,1
"Posted by Andrew Helton, Editor, Google Research Communications",2,2,2
"Posted by Andrew Helton, Editor, Google AI Communications",2,2,2
"Posted by Andrew G. Howard, Senior Software Engineer and Menglong Zhu, Software Engineer",1,1,1
"Posted by Andrew Carroll, Product Manager and Cory McLean, Software Engineer, Google Health",1,1,1
"Posted by Andrew Carroll, Product Lead and Pi-Chuan Chang, Technical Lead, Google Health",1,1,1
"Posted by Andrei Broder, Google Distinguished Scientist",1,1,1
"Posted by Andrea Held, University Relations",1,1,1
"Posted by Andrea Held, Program Manager, University Relations",1,1,1
"Posted by Andrea Held, Google University Relations & Matt Cooke, Google News Lab Europe",1,1,1
"Posted by Andrea Held, Google University Relations",1,1,1
"Posted by Andrea Cohan, Google Science Fair Program Manager",1,1,1
"Posted by Andeep Singh Toor, Stadia Software Engineer and Fred Bertsch, Software Engineer, Google Research, Brain Team",1,1,1
"Posted by Ananth Balashankar & Levent Koc, Software Engineers, and Norberto Guimaraes, Product Manager",1,1,1
"Posted by Amy McDonald Sandjideh, Technical Program Manager, TensorFlow",1,1,1
"Posted by Amit Moryossef, Research Intern, Google Research",1,1,1
"Posted by Amir Yazdanbakhsh, Research Scientist, Google Research",1,1,1
"Posted by Amir Yazdanbakhsh, Research Scientist and Junchao Chen, Software Engineer, Google Research",1,1,1
"Posted by Amin Vahdat, Google Fellow",1,1,1
"Posted by Amanda Camp, Software Engineer",1,1,1
"Posted by Alvin Rajkomar, MD and Eyal Oren, PhD, Google AI, Healthcare",1,1,1
"Posted by Alvin Rajkomar MD, Research Scientist and Eyal Oren PhD, Product Manager, Google AI",1,1,1
"Posted by Alon Halevy, Senior Staff Research Scientist",1,1,1
"Posted by Alon Halevy, Google Research and Rebecca Shapley, User Experience",2,2,2
"Posted by Allison Mooney, Christina Park, and Caroline McCarthy, The Think Quarterly Team",1,1,1
"Posted by Allen Hutchison, Engineering Manager",2,2,2
"Posted by Alison Cichowlas and Tony Lam, Google Research",1,1,1
"Posted by Alisa Chang, Software Engineer, Google Cloud and Pritish Kamath, Research Scientist, Google Research",1,1,1
"Posted by Alireza Fathi, Research Scientist and Rui Huang, AI Resident, Google Research",1,1,1
"Posted by Ali Mousavi, AI Resident and Lihong Li, Research Scientist, Google Research",1,1,1
"Posted by Ali Kemal Sinop, Senior Research Scientist, Google Research and Mahmuda Ahmed, Senior Software Engineer, Google Maps",1,1,1
"Posted by Alfred Spector, Vice President, Research",1,1,1
"Posted by Alfred Spector, Vice President, Engineering",3,3,3
"Posted by Alfred Spector, Vice President of Research and Special Initiatives",4,4,4
"Posted by Alfred Spector, VP of Research and Special Initiatives",1,1,1
"Posted by Alfred Spector, VP of Research",4,4,4
"Posted by Alfred Spector, VP of Engineering",1,1,1
"Posted by Alfred Spector, VP Research and Special Initiatives and Maggie Johnson, Director of Education and University Relations",1,1,1
"Posted by Alfred Spector, VP Research and Special Initiatives",1,1,1
"Posted by Alfred Spector, Google Research",1,1,1
"Posted by Alexey Dosovitskiy, Research Scientist, Google Research",1,1,1
"Posted by Alexander Mordvintsev, Software Engineer, Christopher Olah, Software Engineering Intern and Mike Tyka, Software Engineer",2,2,2
"Posted by Alexander Ku, Software Engineer and Peter Anderson, Research Scientist, Google Research",1,1,1
"Posted by Alexander Gutkin, Software Engineer, Google AI",1,1,1
"Posted by Alexander Gutkin, Google Speech Team",1,1,1
"Posted by Alexander B Wiltschko, Senior Research Scientist, Google Research",1,1,1
"Posted by Alex Wiltschko, Research Scientist, Google Brain Team",1,1,1
"Posted by Alex Ratner, Stanford University and Cassandra Xia, Google AI",1,1,1
"Posted by Alex Olwal, Research Scientist, Google Research",1,1,1
"Posted by Alex Kauffmann, Interaction Researcher, and Boris Smus, Software Engineer",1,1,1
"Posted by Alex Kauffmann, Interaction Researcher, Google Research",1,1,1
"Posted by Alex Franz and Thorsten Brants, Google Machine Translation Team",1,1,1
"Posted by Alex Fabrikant, Research Scientist, Google Research",1,1,1
"Posted by Alex D’Amour and Katherine Heller, Research Scientists, Google Research",1,1,1
"Posted by Alex Alemi, Software Engineer",1,1,1
"Posted by Alessandro Epasto, Senior Research Scientist and Bryan Perozzi, Senior Research Scientist, Graph Mining Team",1,1,1
"Posted by Alessandro Epasto, Research Scientist, Google Research NY",1,1,1
"Posted by Alejandro Luebs, Software Engineer and Jamieson Brettle, Product Manager, Chrome",1,1,1
"Posted by Alan Ho, Product Lead and Masoud Mohseni, Technical Lead, Google Research",1,1,1
"Posted by Alan Ho, Product Lead and Dave Bacon, Software Lead, Google AI Quantum Team",1,1,1
"Posted by Alan Cowen, Visiting Researcher and Gautam Prasad, Software Engineer, Google Research",1,1,1
"Posted by Aimin Zhu, University Relationship Manager, Google China",1,1,1
"Posted by Aimin Zhu, China University Relations",1,1,1
"Posted by Afshin Rostamizadeh, Research Scientist",1,1,1
"Posted by Afshin Rostamizadeh, Google Research",1,1,1
"Posted by Aditya Gupta, Software Engineer and Shyam Upadhyay, Research Scientist, Google Assistant",1,1,1
"Posted by Adel Ahmadyan and Tingbo Hou, Software Engineers, Google Research",1,1,1
"Posted by Adel Ahmadyan and Liangkai Zhang, Software Engineers, Google Research",1,1,1
"Posted by Adam Sadilek, Software Engineer and Xerxes Dotiwalla, Product Manager, Google Research",1,1,1
"Posted by Adam Roberts, Staff Software Engineer and Colin Raffel, Senior Research Scientist, Google Research",1,1,1
"Posted by Adam Grunewald, Mobile Marketing Manager",1,1,1
"Posted by Adam Gaier, Student Researcher and David Ha, Staff Research Scientist, Google Research, Tokyo",1,1,1
"Posted by Adam Feldman, Product Manager and Pavel Simakov, Technical Lead, Course Builder Team",4,4,4
"Posted by Abhinav Rastogi, Software Engineer and Pranav Khaitan, Engineering Lead, Google Research",1,1,1
"Posted by Abhinav Gupta, Faculty Advisor, Machine Perception",1,1,1
"Posted by AJ Maschinot, Senior Software Engineer and Jenny Huang, Product Manager, Google Research",1,1,1
Posted by,9,9,9
"Posted Vint Cerf, Chief Internet Evangelist, and Max Senges, Google Research",1,1,1
"Posted Vint Cerf, Chief Internet Evangelist, Roy Want and Max Senges, Google Research",1,1,1
"Posted By Johnny Chen, Product Manager, Google Research",1,1,1
"Posted Alex Irpan, Software Engineer, Google Brain Team and Peter Pastor, Senior Roboticist, X",1,1,1
"Parisa Tabriz, Security Princess & Enigma Program Co-Chair",1,1,1
"Nithya Sambasivan, Research Scientist, Google Research",1,1,1
"Michel Benard, University Relations Manager",1,1,1
"Hanie Sedghi, Google Research and Preetum Nakkiran, Harvard University",1,1,1
"Google Engineers Christian Szegedy, Scott Reed",1,1,1
"Eve Andersson, Manager, Accessibility Engineering",1,1,1
"Erin Mindell, Program Manager, Google Education",1,1,1
"Eric Christiansen, Senior Software Engineer, Google Research",1,1,1
"Ed H. Chi, Staff Research Scientist",1,1,1
"Daniel Ho, Software Engineer, The Everyday Robot Project and Kanishka Rao, Staff Software Engineer, Robotics at Google",1,1,1
"By Maggie Johnson, Director of Education and University Relations and Chris Busselle, Google.org",1,1,1
"By Andrea Held, Program Manager, Google University Relations",1,1,1
By,1,1,1
"Arno Eigenwillig, Software Engineer on Google Maps Directions",1,1,1
"Arnab Bose and Yuheng Kuang, Staff Software Engineers, Robotics at Google",1,1,1
"Andrew Helton, Editor, Google Research Communications",2,2,2
"Andreas Terzis, Software Engineer",1,1,1
"Aleksandra Faust, Senior Research Scientist and Anthony Francis, Senior Software Engineer, Robotics at Google",1,1,1
,9,9,9
