Term,Frequency
Smart Home,3
 'New Alexa Smart Home Developer Tools,2
Smart Toys,2
Smart Home Device Health Service,1
Smart Displays,1
the Smart Home Skill API,1
Smart Home Devices,1
Alexa Built-in',1
Smart Device Certification,1
the Security Panel Controller API',1
1 Million Smart Cameras,1
New Smart Home Skill API Features,1
Your Smart Devices,1
Alexa Smart Home Developers,1
Updated Smart Home Skill API Enables Alexa,1
Alexa Smart Screen SDK,1
Smart Home Devices ',1
New Smart Home Features,1
 'Alexa Smart Home Controls,1
',1
Smart Home Device Makers,1
the Smart Home API,1
Smart Home Plugs,1
a More Proactive and Intelligent Smart Home,1
'New Smart Home Tools,1
Camera Smart Alerts,1
the Smart Home Live Debugger Tool,1
Smart Home Device,1
 'Alexa Smart Properties,1
the Alexa Smart Home Skill API,1
